settlement_id,name,type,culture_id,owner,description
askar,Askar,Town,1,The Emir Iyalas,"Askar dominates the middle stretches of the Damar River, as it weaves between the bluffs of the Jarjara Escarpment. This region has been thickly populated for thousands of years, but the river is restless, and every few centuries leaps its banks and erases what comes before. This latest regional capital was an imperial encampment during their furthest penetration of the Nahasa Desert several centuries ago, taken over by the 1 tribes after the legions withdrew. [1]"
hubyar,Hubyar,Town,1,Emir Tais,"The inland city of Hubyar is said to be built on the ruins of a luxurious hunting lodge built by the decadent and cruel king Thuran, whom the patriarch Asera slew in vengeance for the enslavement of his family. This memory may explain the worldview of the fierce and austere Banu Qild, who hold the castle today and who detest all frivolity. But the scent of jasmine that can be detected on the night breezes here carry an undercurrent of temptation. It was here that the hero Nimr came to grief, caught in the chamber of a Banu Qild maiden and left hanging in a cage in the market until he perished.[1]"
husn_fulq,Husn Fulq,Town,1,Emir Adram,"Husn Fulq sits at the southeastern edge of the Calsea, the network of rivers and brackish lagoons linking the Empire to the 1 lands. Fulq, also known as Phalcos, was a dark-faced mercenary chieftain who came from lands far to the south. He founded a fortress here and then parlayed its strategic location into a forture, taking bribes from the Empire and then from the 1 to switch sides. After 20 years of playing both sides back and forth he sailed home in a ship laden with gold, but many clans of the 1 proudly claim descent from him, and the 'Tricks of Fulq' are a staple of many a bazaar storyteller's repertoire.[1]"
iyakis,Iyakis,Town,1,The Emir Suruq,"Iyakis sits in a cleft in the Jarjara Escarpment, where the waters of the fierce but brief desert rains can be trapped and used for irrigation. Several generations ago it was an autonomous outpost of the Empire known as Yachios, dominated by the Carasios clan. Fifty years ago however they saw the writing on the wall for imperial dominion in the southlands and began intermarrying themselves with the tribes of the Nahasa. Today, known as the Qaraz, they take their places in the councils of the sultanate like any other family of the 1.[1]"
qasira,Qasira,Town,1,Emir Talas,Qasira       Settlement Information  Type Town   Kingdom 1   Villages Ezbet NahulAbghan   Port Yes    Qasira is a town of the 1 ruled by Emir Talas of the Banu Atij. The villages of Ezbet Nahul and Abghan are bound to the town.
quyaz,Quyaz,Town,1,Sultan Unqid,"Quyaz was once a mercantile republic that dominated the trade between the western ocean and the Perassic Sea, speaking the now all-but-extinct Kannic tongue, a relative of the Nahasi language. But imperial hegemony slowly snuffed out its trade, and the ruler was taken over by mercenaries from the Nahasi tribes. It came intermittently under imperial subjugation but today is a prized holding of the Banu Hulyan, a leading clan of the 1 Sultanate.[1]"
razih,Razih,Town,1,Emir Adram,"Razih is said to be the base from which Kannic explorers set forth to colonize the shores of the Perassic Sea in the centuries before the coming of the Empire, the prows of their ships decorated with the intertwined vine leaves of the Kannic goddess of wealth, wine, love, and war. Today, the Kannic tongue has been replaced by Nahasi dialects and their religion is all but forgotten, but the symbol lives on, said to protect those who risk all for the sake of gain or glory.[1]"
sanala,Sanala,Town,1,The Sultan Unqid,"The port of Sanala is the gateway through which the grain of the Damar River has flowed forth to feed a hungry world. The Empire's periodic advances south of the Perassic Sea have usually been aimed at seizing this strategic prize. Although the legions were long ago been forced to retreat, Sanala remains among the most cosmopolitan cities in Calradia, filled with merchants from many lands bidding for the lowest bulk prices.[1]"
car_banseth,Car Banseth,Town,2,The Chieftain Melidir,"Car Banseth sits high on the cliffs of Ailta Druin. Staring north on a clear day, across lands that were once 2n but are now held by the 6ns and 7ns, one can see the waters of the Bay of Varcheg. It is said that those who keep faith will one day witness from this high point the ships of the vanished High King Mon, who shall return to deliver his people from their enemies. But today, one is far more likely to see the sails of Nordic adventurers and mercenaries, coming to assist the foreigners in their relentless push into 2n land."
dunglanys,Dunglanys,Town,2,The Chieftain Ergeon,"Dunglanys, the 'Rock of Glanys', stands on a high crag overlooking the Llyn Tywal, the pool of darkness at the heart of the 2n lands. It was named after an ancient queen who, legend has it, married in succession five high kings of 2, bestowing sovereignty upon them. It is the center of the rituals that underpin 2n kingship, and though not every 2n high king has ruled from here, all are eager to hold it."
marunath,Marunath,Town,2,High King Caladog,"Marunath       Settlement Information  Type Town   Kingdom 2   Villages Ath CafalBeglomuarDalmengusEbereth   Sieges with... LadderSiege TowerBattering Ram   Port No    Marunath is a town of the Kingdom of 2, ruled by High King Caladog of clan fen Gruffendoc."
pen_cannoc,Pen Cannoc,Town,2,Mormaer Aeron,"Pen Cannoc sits on a promontory overlooking the Trand river as it plunges from the Uchalion plateau into the 7n lowlands. Legends speak of the water-nymphs who live in the dark pools under the rock, luring travellers and invaders to their deaths except on those rare occasions when they fall in love with a hero and grant him victory and blessings. Certainly the fisherfolk of this region have learned respect for the perils of the upper Trand, where a small misstep on slippery stone can cast one off a precipice into the waters below."
seonon,Seonon,Town,2,Mormaer Luichan,"Seonon, sad Seonon, has a history as dark as the waters of the Llyn Tywal. Here Algana the Fair stood atop the tower lamenting the death of her beloved Gorawan, until the spirits of the Otherworld were themselves overcome with sadness and allowed his shade to ascend through the pool for a day and a night to console her. In latter days this land has often been ravaged by 6n raiders, and not far from here lies the wood where King Aeril disappeared, clearing the way for the rise of Caladog."
akkalat,Akkalat,Town,4,Hurunag Beg,"The town that the 4 know as Akkalat, the White Fortress, was built by the fearsome Padishah Hoshtar on one of his periodic attempts to conquer the Devseg. For decades the sacred flame that burned from the top of the citadel symbolised his suzerainty over the tribes here. But the Padishah's realm like the Empire is on the defensive and has retreated to the east. Today the Khan's horsetail banners fly in its place."
baltakhand,Baltakhand,Town,4,Mesui Begum,"Baltakhand, the Fortress of the Axe, was settled by the Iltanlar, mountain-dwelling cousins of the 4. Centuries ago their beys descended into the plains and created the fortress here that guards the Portages of Iltan, the network of lakes and rivers that divides the 6n lands from the 4's realm. Bitter winters protected them from the reach of the Empire, but no blast of wind was cutting enough to stop the horsemen of Khan Urkhun, who 40 years ago forced this town to submit to the khanate."
chaikand,Chaikand,Town,4,Monchug Khan,"Chaikand       Settlement Information  Type Town   Kingdom 4   Villages OkhutanIspantarPabastan   Sieges with... Battering RamLaddersTowers   Port Yes    Chaikand is a town of the 4 owned by Monchug Khan of the Urkhunait. The villages of Okhutan, Ispantar, and Pabastan are bound to the town."
makeb,Makeb,Town,4,Monchug Khan,"Makeb       Settlement Information  Type Town   Kingdom 4   Villages ShapeshteHanekhyMazen   Sieges with... Battering RamLaddersTowers   Port No    Makeb is a town of the 4 owned by Monchug Khan of the Urkhunait. The villages of Shapeshte, Hanekhy, and Mazen are bound to the town."
odokh,Odokh,Town,4,Akrum Beg,"The town of Odokh sits at the foot of Kohi Rohini, the mountains of the dawn. Among the most remote of the towns of the Devseg, it is reputed to have been the abode of King Ahhak, a mythical tyrant from whose shoulders flowed serpents. Even today the Kohi Rohini has a reputation for black magic and mystery that helps keep outsiders at bay. The city fell during the 4 conquest to the Harfit clan, who have intermarried with the mountain peoples, and who honor their customs, participate in their rituals, and keep their secrets."
ortongard,Ortongard,Town,4,Tulag Beg,"Ortongard sits in the dry center of the Devseg plateau, which is dry for most of the year but offers rich grazing in the spring. Founded by Darshi-speaking merchants, it made its wealth buying horses, sheep and cattle from the surrounding herding villages and sending them west to the markets of the Empire in huge drives, accompanied by guards to ward off raiders from the steppes. Neither its walls nor its mercenary armies could withstand the coming of Khan Urkhun, however, who it granted to the Khergit clan in recognition of their valor."
balgard,Balgard,Town,6,Grand Prince Raganvad,"Balgard, which sits on the icy waters of Mazopor Bay, was founded by migrants from the Nordlands. Legend holds that the initial wave of Nords arrogantly demanded tribute from the nearby Vakken and 6n tribes, who formed an alliance and drove the newcomers back to their ships. But the victors fell out over the spoils, until a canny Nord, Gundar, landed and volunteered to help them fairly divvy up the weapons and armor of his dead kinsmen. The residents recognized Gundar's lordship over the region and his descendants, intermarried with the 6ns, are today the grand princes of 6.[1]"
omor,Omor,Town,6,Knyaz Olek,"Omor sits on the eastern shores of Lake Laconis. Long before the 6ns formed themselves into a principality it was a holy site for the forest tribes, who worshipped their gods and ancestors in the sacred oak trees of the nearby woods. Today, it is an emporium for fur trappers and woodsmen who prowl the Ircara Wildlands to the east, and the primeval peace of the forests is drowned out by the sounds of bartering, saws, and the unloading of ships at the lake.[1]"
revyl,Revyl,Town,6,Knyaz Vyldur Of Clan Togaroving,"Revyl, chief town of the rocky Kachyar Peninsula, was a traditional rival of Balgard. According to legend the Balgardian princess Arkina, whose husband had been slain by the Revylians, accepted a proposal from her enemy's king to marry and settle the feud. On her wedding night, however, she barred the door of his hall and burned him and a hundred of his kinsmen and warriors alive inside. The feud has long since been settled by pacts and marriages with happier outcomes, although Revylians still resent the ascent of the Balgardian Gundaroving dynasty.[1]"
sibir,Sibir,Town,6,Knyaz Fafen,"Sibir was founded in a dark valley amid the Chertyg Mountains by Nordic traders, who wished a base to buy furs from the local Vakken-speaking foresters. As the 6n tribes became principalities, and elected chieftains evolved into boyars who demanded taxes and labor as their due, this region became a magnet for 6ns who had little taste for deference. Today, the ambitious Isyaroving family governs this region, but they must always balance their hunger for wealth and men to fight their wars with their subjects' reluctance to provide it.[1]"
tyal,Tyal,Town,6,Godun,"Tyal sits in the western foothills of Mount Iltan, on the eastern borders of the 6n lands. This region has long stood aloof from the power struggles of the other 6n principalities. Its people are known as wanderers, traders, horse breeders and fur-trappers. The local aristocracy has occasionally exchanged princesses with the steppe tribes to the east to firm up a truce or a trade pact, and proudly includes the names of several great khans on their list of ancestors.[1]"
varcheg,Varcheg,Town,6,The Grand Prince,"The former Nord colony of Varcheg sits on a windswept sea-bluff at the base of the Kachyar peninsula, in what was once 2n land. The jarl who founded this coastal outpost, hoping to trade with the interior, pledged himself in fealty to the 2n High King Dernmachad, but then proceeded to dabble in 2n politics. Annoyed, Dernmachad hired a 6n army to crush his unreliable new vassal. The 6ns complied and routed the Nords, but then demanded the newly captured town as their payment. They called the town 'Varcheg', a corruption of the Nordic term for 'oathsworn companion', to mock both rivals whose quarreling had handed them their prize."
varnovapol,Varnovapol,Town,6,Boyar Yorig,"Varnovopol, which sits beneath the Chertyg Mountains on the crystal waters of Lake Laconis, has the dubious honor of being perhaps the most-often conquered city in Calradia. Originally it was a colony of the Empire, infamous as a place of exile for dissident senators, before it was seized by Nords as a base to expand their influence into the 6n fur trade. It was taken by the Alkit tribe from the eastern steppe and briefly served as the capital of a small khanate, before finally falling to the fierce Ormidoving clan.[1]"
charas,Charas,Town,7,The Baron Ingalther,"The city known today as Charas is traditionally reckoned to be the first Calradian colony on the shores of their new continent. At the Empire's height, when the capital moved north to Paravenos, Charasea remained a key hub of sea-faring and trade, while imperial aristocrats built their summer homes on the warm shores of the nearby gulf and cruised their pleasure-boats around its islands. When the 7ns came, Charas fell into the hands of the ruthless House of dey Cortain, and its wealth funds their ambitions."
galend,Galend,Town,7,King Derthert,"Galend overlooks the wave-beaten Biscan coast. It takes in the catch from the Biscan's intrepid fishermen who venture out far into the western ocean, as well as the wool of sheep from the green fog-covered hills. The current line of 7n kings comes from the clans who settled in this region during Osric Iron-Arm's invasion."
jaculan,Jaculan,Town,7,The Baroness Calatild,"Jaculan sits in the warmer southern reaches of the Biscan coast, in rolling hills known for their olive trees. It was once a favored resort of the imperial aristocracy, who hunted wild boars amid the oak forests. The independent peasantry of this region are known for their heterodox ideas. The Brotherhood of the Woods is but the latest of a series of rebellions to have broken out here, sometimes aided by an aristocracy that considers them a tool to use against rival 7n houses."
ocs_hall,Ocs Hall,Town,7,The Baron Belgir Of The Dey Fortes,"Ocs Hall is one of the few towns in the 7n kingdom that was founded after the seizure of the land from the Empire. This valley was once an isolated holdout of 2ns, centered on the Llyn Modris, a lake in a volcanic caldera that was said to be the  seat of a giant. This land was conquered by the 7n warlord Oca, who also gave his name to the nearby Ocspool lake. The 2n tribes were driven inland, and took their legends with them."
ostican,Ostican,Town,7,The Baron Hecard,"Ostican was a minor imperial port that became a haven for seafarers of the northern oceans. Many were talented corsairs, employed by imperial factions to harry their foes during the latter empire's intermittent civil wars. Indeed, the some of the first 7ns to come to Calradia's shores settled in the back alleys of this town, and no doubt sent word to their kinsmen of the riches to be had here should anyone invade in earnest."
pravend,Pravend,Town,7,The Baron Aldric Of House Dey Tihr,"The city, formerly known as Paravenos, was the second major colony founded by Calradios the Great and the Calradians after their arrival on the continent. The town succeeded Charasea as the capital of the Calradic Empire, being so for centuries before the center of gravity of the Empire moved eastward. Nevertheless, Paravenos retained its primacy as the economic center of the West. When Osric Iron-Arm invaded, he recognized Paravenos would be far more valuable as a seat of power than as simply as a source of loot, and negotiated its surrender with local senators. The city subsequently passed under the control of the dey Tihr, a cadet branch of the ruling clan of 7, the dey Meroc."
rovalt,Rovalt,Town,7,The Baron Servic,"Rovalatys, in the mountains of the Ebor peninsula, was never fully an imperial town. Nordic migrants, drawn to the region by rumors of riches to be made prospecting for silver or hunting for furs, long outnumbered Calradians even before the 7n invasion. The 7ns too recognized its potential, and despite its harsh winters this land is among the more populous regions of the kingdom, with bountiful fields in the valleys of the mountains feeding the constant flow of settlers from the south drawn here by their hunger for wealth."
sargot,Sargot,Town,7,King Derthert,Sargot       Settlement Information  Type Town   Kingdom 7   Villages CaliocEtirburg   Sieges with... Battering RamLaddersTowers   Port No    Sargot is a town in 7 owned by King Derthert of House dey Meroc.
amprela,Amprela,Town,10,Archon Encurion,Amprela       Settlement Information  Type Town   Kingdom Northern Empire   Villages AvasintonBoreagora   Sieges with... Battering RamLaddersTowers   Port No    Amprela is a town in the Northern Empire owned by Archon Encurion of clan Impestores. The villages of Avasinton and Boreagora are bound to the town.
argoron,Argoron,Town,10,Emperor Lucon,"The city of Argoron sits where the cold, slow moving Nevys River meets Lake Laconis. This was once the land of the Laconians, who saw the Empire as a protector against the more warlike Palaic peoples. They welcomed and intermarried with imperial settlers and their chiefs joined the Senate, and their old language and customs faded away.[1]"
diathma,Diathma,Town,10,Emperor Lucon,"Diathma, the city of the Divine Decree, was erected by an imperial general on the ruins of a Dryatic shrine overlooking Lake Laconis. It was the last stand of the Dryatics, the northernmost of the Palaic peoples, who rebelled against the Empire and were overcome. According to legend they were pushed back into the shallows of the lake and fought until they were exhausted and the bloody waters engulfed them.[1]"
epicrotea,Epicrotea,Town,10,The Archon Manteos,"Epicrotea, the 'All-Conquering,' was named after the eccentric long-haired military genius Sarapios, who crushed a 2n host and secured the lands west of Lake Laconis for the Empire. Its towers, overlooking the Miron River, have frequently been a northerner's first glimpse of the awesome and terrible force to their south.[1]"
myzea,Myzea,Town,10,The Archon Gyphor,"Myzea       Settlement Information  Type Town   Kingdom Northern Empire   Villages Orthra, Samatha, Vealos   Sieges with... Battering Ram, Ladders, and Towers   Port No    Myzea is a town of the Northern Calradic Empire owned by the archon Gyphor of the Dolentos clan."
saneopa,Saneopa,Town,10,The Archon Penton,"Saneopa       Settlement Information  Type Town   Kingdom Northern Empire   Villages Crios, Enoisa   Port No    Saneopa is a town of the Kingdom of Northern Empire owned by the archon Penton of the Neretzes clan."
ain_baliq_castle,Ain Baliq Castle,Castle,1,Emir Awdhan,Ain Baliq Castle       Settlement Information  Type Castle   Kingdom 1   Villages Ain BaliqDeir Hawa    Ain Baliq Castle is a castle of the 1 owned by Emir Awdhan of the Banu Sarmal. The villages of Ain Baliq and Deir Hawa are bound to the castle.
barihal_castle,Barihal Castle,Castle,1,Emir Aqar,Barihal Castle       Settlement Information  Type Castle   Kingdom 1   Villages BarihalWadar    Barihal Castle is a castle of the 1 owned by Emir Aqar of the Banu Ruwaid. The villages of Barihal and Wadar are bound to the castle.
jamayeh_castle,Jamayeh Castle,Castle,1,Emir Suruq,Jamayeh Castle  Settlement Information  Type Castle   Kingdom 1   Villages Jamayeh and Hunab    Jamayeh Castle is a castle of the 1 Sultanate ruled by emir Suruq of the Banu Qaraz clan. The villages of Jamayeh and Hunab are bound to the castle.
medeni_castle,Medeni Castle,Castle,1,The Emir Adram,Medeni Castle  Settlement Information  Type Castle   Kingdom 1   Villages Medeni and Qidnar    Medeni Castle is a castle in the 1 Sultanate ruled by the emir Adram of the Banu Sarran. The villages of Medeni and Qidnar are bound to the castle.
sahel_castle,Sahel Castle,Castle,1,Emir Tais,Sahel Castle       Settlement Information  Type Castle   Kingdom 1   Villages SahelAsmait    Sahel Castle is a castle of the 1 owned by Emir Tais of the Banu Qild. The villages of Sahel and Asmait are bound to the castle.
shibal_zumr_castle,Shibal Zumr Castle,Castle,1,Emir Tais,Shibal Zumr Castle       Settlement Information  Type Castle   Kingdom 1   Villages Shibal ZumrLamesa    Shibal Zumr Castle is a castle of the 1 owned by Emir Tais of the Banu Qild. The villages of Shibal Zumr and Lamesa are bound to the castle.
tamnuh_castle,Tamnuh Castle,Castle,1,Emir Hashan,Tamnuh Castle       Settlement Information  Type Castle   Kingdom 1   Villages TamnuhKuqa    Tamnuh Castle is a castle of the 1 owned by Emir Hashan of the Banu Habbab. The villages of Tamnuh and Kuqa are bound to the castle.
tubilis_castle,Tubilis Castle,Castle,1,Sultan Unqid,"Tubilis Castle  Settlement Information  Type Castle   Kingdom 1   Villages Fanab , Tubilis    Tubilis Castle is a castle of the 1 Sultanate owned by Sultan Unqid.  The villages of Tubilis and Fanab are bound to the castle."
uqba_castle,Uqba Castle,Castle,1,Emir Awdhan,Uqba Castle       Settlement Information  Type Castle   Kingdom 1   Villages UqbaBunqaz    Uqba Castle is a castle of the 1 owned by Emir Awdhan of the Banu Sarmal. The villages of Uqba and Bunqaz are bound to the castle.
ab_comer_castle,Ab Comer Castle,Castle,2,Mormaer Maireas,Ab Comer Castle       Settlement Information  Type Castle   Kingdom 2   Villages Ab ComerInveth    Ab Comer Castle is a castle in 2 owned by Mormaer Maireas of clan fen Caernacht. The vilages of Ab Comer and Inveth are bound to the castle.
aster_castle,Aster Castle,Castle,2,The Chieftain Ergeon,"Aster Castle  Settlement Information  Type Castle   Kingdom 2   Villages Aster, Imlagh    Aster Castle is a castle within the lands of 2 owned by the chieftain Ergeon of Clan fen Derngil."
druimmor_castle,Druimmor Castle,Castle,2,The Chieftain Aradwyr,"Druimmor Castle  Settlement Information  Type Castle   Kingdom 2   Villages Druimmor, Tor Melina    Druimmor Castle is a castle of 2 owned by the chieftain Aradwyr of the Clan fen Eingal."
flintolg_castle,Flintolg Castle,Castle,2,The Chieftain Luichan,"Flintolg Castle  Settlement Information  Type Castle   Kingdom 2   Villages Flintolg, Glintor    Flintolg Castle is a castle within the lands of 2 owned by the chieftain Luichan of Clan fen Penraic."
llanoc_hen_castle,Llanoc Hen Castle,Castle,2,Mormaer Pryndor,Llanoc Hen Castle       Settlement Information  Type Castle   Kingdom 2   Villages Llanoc HenCantrec    Llanoc Hen Castle is a castle in 2 owned by Mormaer Pryndor of clan fen Morcar. The villages of Llanoc Hen and Cantrec are bound to the castle.
pendraic_castle,Pendraic Castle,Castle,2,The Mormaer,"Pendraic Castle  Settlement Information  Type Castle   Kingdom 2   Villages Pendraic, Lindorn    Pendraic Castle is a castle in 2 owned by the mormaer, Melidir of Clan fen Uvain. The villages of Pendraic and Lindorn are bound to the castle."
rhemtoil_castle,Rhemtoil Castle,Castle,2,High King Caladog,Rhemtoil Castle       Settlement Information  Type Castle   Kingdom 2   Villages RhemtoilClaig Ban    Rhemtoil Castle is a castle in 2 owned by High King Caladog of clan fen Gruffendoc. The villages of Rhemtoil and Claig Ban are bound to the castle.
uthelaim_castle,Uthelaim Castle,Castle,2,High King Caladog,Uthelaim Castle  Settlement Information  Type Castle   Kingdom 2   Villages UthelaimSeordas    Uthelaim Castle is a castle in 2 owned by High King Caladog of clan fen Gruffendoc. The villages of Uthelaim and Seordas are bound to the castle.
akiser_castle,Akiser Castle,Castle,4,Hurunag Beg,Akiser Castle       Settlement Information  Type Castle   Kingdom 4   Villages AkiserKamshar    Akiser Castle is a castle of the 4 owned by Hurunag Beg of the Tigrit. The villages of Akiser and Kamshar are bound to the town.
dinar_castle,Dinar Castle,Castle,4,Ilatar Beg,Dinar Castle       Settlement Information  Type Castle   Kingdom 4   Villages DinarKarahalli    Dinar Castle is a castle of the 4 owned by Ilatar Beg of the Baltait. The villages of Dinar and Karahalli are bound to the castle.
erzenur_castle,Erzenur Castle,Castle,4,Gusukan Beg,Erzenur Castle       Settlement Information  Type Castle   Kingdom 4   Villages ErzenurGereden    Erzenur Castle is a castle of the 4 owned by Gusukan Beg of the Oburit. The villages of Erzenur and Gereden are bound to the castle.
hakkun_castle,Hakkun Castle,Castle,4,Taslur Beg,Hakkun Castle       Settlement Information  Type Castle   Kingdom 4   Villages HakkunKiraz    Hakkun Castle is a castle of the 4 owned by Taslur Beg of the Yanserit. The villages of Hakkun and Kiraz are bound to the castle.
kaysar_castle,Kaysar Castle,Castle,4,Ilatar Beg,Kaysar Castle       Settlement Information  Type Castle   Kingdom 4   Villages KaysarPayam    Kaysar Castle is a castle of the 4 owned by Ilatar Beg of the Baltait. The villages of Kaysar and Payam are bound to the castle.
khimli_castle,Khimli Castle,Castle,4,Kanujan Beg,Khimli Castle       Settlement Information  Type Castle   Kingdom 4   Villages KhimliOmrotok    Khimli Castle is a castle of the 4 owned by Kanujan Beg of the Koltit. The villages of Khimli and Omrotok are bound to the castle.
simira_castle,Simira Castle,Castle,4,Kanujan Beg,Simira Castle       Settlement Information  Type Castle   Kingdom 4   Villages SimiraKohi Ajik    Simira Castle is a castle of the 4 owned by Kanujan Beg of the Koltit. The villages of Simira and Kohi Ajik are bound to the castle.
tepes_castle,Tepes Castle,Castle,4,Monchug Khan,Tepes Castle       Settlement Information  Type Castle   Kingdom 4   Villages TepesKuruluk    Tepes Castle is a castle of the 4 owned by Monchug Khan of the Urkhunait. The villages of Tepes and Kuruluk are bound to the town.
usek_castle,Usek Castle,Castle,4,Tulag Beg,Usek Castle       Settlement Information  Type Castle   Kingdom 4   Villages UsekEsme    Usek Castle is a castle of the 4 owned by Tulag Beg of the Arkit. The villages of Usek and Esme are bound to the castle.
mazhadan_castle,Mazhadan Castle,Castle,6,Grand Prince Raganvad,Mazhadan Castle       Settlement Information  Type Castle   Kingdom 6   Villages ForinMazhadan    Mazhadan Castle is a castle in 6 owned by Grand Prince Raganvad of clan Gundaroving. The villages of Forin and Mazhadan are bound to the castle.
kranirog_castle,Kranirog Castle,Castle,6,Rolan,Kranirog Castle  Settlement Information  Type Castle   Kingdom 6    Kranirog Castle is a castle of 6 owned by Rolan of the Kostoroving clan. The castle's bound villages are Kranirog and Ismilkorg.
nevyansk_castle,Nevyansk Castle,Castle,6,Grand Prince Raganvad,The castle watches over a contentious piece of territory separated from 6 proper. Reinforcements must pass through rugged 2n countryside to reach the castle.
ov_castle,Ov Castle,Castle,6,Vashorki,Ov Castle       Settlement Information  Type Castle   Kingdom 6   Villages OvFerth    Ov Castle is a castle in 6 owned by Vashorki of clan Vezhoving. It overlooks the land bridge which is the only passage from the western half of 6 to the eastern half.
takor_castle,Takor Castle,Castle,6,Knyaz Tovir,Takor Castle       Settlement Information  Type Castle   Kingdom 6   Villages TakorDvorusta    Takor Castle is a castle in 6 owned by Knyaz Tovir of clan Ubroving. The villages of Takor and Dvorusta are bound to the castle.
urikskala_castle,Urikskala Castle,Castle,6,Knyaz Godun,Urikskala Castle       Settlement Information  Type Castle   Kingdom 6   Villages UrikskalaAlov    Urikskala Castle is a castle in 6 owned by Knyaz Godun of clan Vagiroving. The villages of Urikskala and Alov are bound to the castle.
ustokol_castle,Ustokol Castle,Castle,6,Vyldur,Ustokol Castle  Settlement Information  Type Castle   Kingdom 6    Ustokol Castle is a castle within the Principality of 6 owned by Vyldur of the Togaroving clan. The castle's bound villages are Ustokol and Zhemyan.
vladiv_castle,Vladiv Castle,Castle,6,Knyaz Yorig,Vladiv Castle       Settlement Information  Type Castle   Kingdom 6   Villages VladivGlavstorm    Vladiv Castle is a castle in 6 owned by Knyaz Yorig of clan Ormidoving. The villages of Vladiv and Glavstrom are bound to the castle.
caleus_castle,Caleus Castle,Castle,7,The Baron Servic,Caleus Castle       Settlement Information  Type Castle   Kingdom 7   Villages Caleus and Deriat    Caleus Castle is a castle of the Kingdom of 7 ruled by the baron Servic of the clan dey Valant.
drapand_castle,Drapand Castle,Castle,7,Baron Aldric,Drapand Castle       Settlement Information  Type Castle   Kingdom 7   Villages DrapandValanby    Drapand Castle is a castle in 7 owned by Baron Aldric of House dey Tihr. The villages of Drapand and Valanby are bound to the castle.
hongard_castle,Hongard Castle,Castle,7,Baron Vartin,Hongard Castle       Settlement Information  Type Castle   Kingdom 7   Villages HongardFerton   Port No    Hongard Castle is a castle in 7 owned by Baron Vartin of House dey Jelind. The villages of Hongard and Ferton are bound to the castle.
ormanfard_castle,Ormanfard Castle,Castle,7,The Baron,"Ormanfard Castle       Settlement Information  Type Castle   Kingdom 7   Villages Ormanfard    Ormanfard Castle is a castle in 7 owned by the baron, Ecarand of House dey Folcun. It guards one of several mountain passes which leads from 2 into 7."
talivel_castle,Talivel Castle,Castle,7,King Derthert,"Talivel Castle       Settlement Information  Type Castle   Kingdom 7   Villages TalivelRodetan    Talivel Castle is a castle in 7 owned by King Derthert of House dey Meroc. The castle serves as a frontier stronghold for the 7ns, guarding one of the key mountain passes leading into 2, and is thus at risk of being attacked first should it come to war."
tirby_castle,Tirby Castle,Castle,7,The Baron,"Tirby Castle       Settlement Information  Type Castle   Kingdom 7   Villages Tirby and Sirindac    Tirby Castle is a castle in 7 owned by the baron, Ospir of the House dey Gunric. The villages of Tirby and Sirindac are both bound to the castle."
usanc_castle,Usanc Castle,Castle,7,Baron Berican,Usanc Castle       Settlement Information  Type Castle   Kingdom 7   Villages Usanc    Usanc Castle is a castle in 7 owned by Baron Berican of House dey Rothad. The village of Usanc is bound to the castle.
verecsand_castle,Verecsand Castle,Castle,7,The Baron,"Verecsand Castle       Settlement Information  Type Castle   Kingdom 7   Villages Verecsand and Marin    Verecsand Castle is a castle in 7 owned by the baron, Belgir of the House dey Fortes. The villages of Verecsand and Marin are bound to the castle."
ataconia_castle,Ataconia Castle,Castle,10,Manteos,"Ataconia Castle       Settlement Information  Type Castle   Kingdom Northern Empire   Villages Ataconia, Potamis    Ataconia Castle is a castle of the Northern Calradic Empire owned by Manteos of the Argoros clan. The villages of Ataconia and Potamis are bound to the castle."
atriom_castle,Atriom Castle,Castle,10,,"Atrion Castle       Settlement Information  Type Castle   Kingdom Northern Empire   Villages Atriom, Masangara    Atrion Castle is a castle of the Northern Calradic Empire."
gaos_castle,Gaos Castle,Castle,10,Archon Penton,Gaos Castle       Settlement Information  Type Castle   Kingdom Northern Empire   Villages GaosThemys    Gaos Castle is a castle in the Northern Empire owned by Archon Penton of clan Neretzes. The villages of Gaos and Themys are bound to the castle.
epinosa_castle,Epinosa Castle,Castle,10,The Archon Tasynor,"Epinosa Castle       Settlement Information  Type Castle   Kingdom Northern Empire   Villages Epinosa, Pons    Epinosa Castle is a castle of the Northern Calradic Empire owned by the archon Tasynor of the Phalentes clan. Along with Lochana Castle and Syratos Castle, Epinosa guards the northwestern frontier of the Empire against the bordering 6ns and 4s."
lochana_castle,Lochana Castle,Castle,10,Nicasor,"Lochana Castle       Settlement Information  Type Castle   Kingdom Northern Empire   Villages LochanaNortanisa    Lochana Castle is a castle in the Northern Empire owned by Nicasor of clan Chonis. Along with Epinosa Castle and Syratos Castle, Lochana guards the northwestern frontier of the Empire against the bordering 6ns and 4."
mecalovea_castle,Mecalovea Castle,Castle,10,Emperor Lucon,Mecalovea Castle       Settlement Information  Type Castle   Kingdom Northern Empire   Villages AgalmonMecalovea   Port Yes    Mecalovea Castle is a castle in the Northern Empire owned by Emperor Lucon of clan Osticos. The castle protects strategic river crossings between 6 and the Calradic Empire. The villages of Agalmon and Mecalovea are bound to the castle.
rhesos_castle,Rhesos Castle,Castle,10,Archon Porphalios,Rhesos Castle       Settlement Information  Type Castle   Kingdom Northern Empire   Villages RhesosDyopalis    Rhesos Castle is a castle in the Northern Empire owned by Archon Porphalios of clan Serapides.  The villages of Rhesos and Dyopalis are bound to the castle.
syratos_castle,Syratos Castle,Castle,10,Archon Maritzios,"Syratos Castle       Settlement Information  Type Castle   Kingdom Northern Empire   Villages Syratos, Tememos    Syratos Castle is a castle in the Northern Empire owned by Archon Maritzios of clan Vatatzes. The villages of Syratos and Tememos are bound to the castle."
varagos_castle,Varagos Castle,Castle,10,The Archon Penton,Varagos Castle       Settlement Information  Type Castle   Kingdom Northern Empire   Villages Aeoria and Varagos    Varagos Castle is a castle of the Northern Calradic Empire owned by the archon Penton of the Neretzes clan.
chanopsis_castle,Chanopsis Castle,Castle,11,Empress Rhagaea,Chanopsis Castle       Settlement Information  Type Castle   Kingdom Southern Empire   Villages ChanopsisPopsia    Chanopsis Castle is a castle in the Southern Empire owned by Empress Rhagaea of clan Pethros.
corenia_castle,Corenia Castle,Castle,11,Archon Baranor,Corenia Castle       Settlement Information  Type Castle   Kingdom Southern Empire   Villages CoreniaMetachia    Corenia Castle is a castle in the Southern Empire owned by Archon Baranor of clan Julios. The villages of Corenia and Metachia are bound to the castle.
jogurys_castle,Jogurys Castle,Castle,11,Archon Satros,Jogurys Castle       Settlement Information  Type Castle   Kingdom Southern Empire   Villages JogurysEunalica    Jogurys Castle is a castle in the Southern Empire owned by Archon Satros of clan Vetranis. The villages of Jogurys and Eunalica are bound to the castle.
lavenia_castle,Lavenia Castle,Castle,11,Oros,"Lavenia Castle  Settlement Information  Type Castle   Kingdom Southern Empire   Villages Ethemisa, Lavenia    Lavenia Castle is a castle in the Southern Calradic Empire owned by Oros of the Mestricaros clan."
melion_castle,Melion Castle,Castle,11,The Archon Serandon,"Melion Castle  Settlement Information  Type Castle   Kingdom Southern Empire   Villages Melion, Sagolina    Melion Castle is a castle in the Southern Calradic Empire owned by the archon Serandon of the Avlonos clan."
morenia_castle,Morenia Castle,Castle,11,The Archon Abalytos,"Morenia Castle  Settlement Information  Type Castle   Kingdom Southern Empire   Villages Atphynia, Morenia    Morenia Castle is a castle in the Southern Calradic Empire owned by the archon Abalytos of the Prienicos clan."
odrysa_castle,Odrysa Castle,Castle,11,Archon Oros,Odrysa Castle       Settlement Information  Type Castle   Kingdom Southern Empire   Villages OdrysaCaira    Odrysa Castle is a castle in the Southern Empire owned by Archon Oros of clan Mestricaros. The villages of Odrysa and Caira are bound to the castle.
sestadaim_castle,Sestadaim Castle,Castle,11,Empress Rhagaea,Sestadaim Castle       Settlement Information  Type Castle   Kingdom Southern Empire   Villages AmyconSestadaim    Sestadaim Castle is a castle in the Southern Empire owned by Empress Rhagaea of clan Pethros. The villages of Amycon and Sestadaim are bound to the castle.
garontor_castle,Garontor Castle,Castle,12,Apys,"Garontor Castle  Settlement Information  Type Castle   Kingdom Western Empire   Villages Garontor, Lysia    Garontor Castle is a castle of Western Empire owned by Apys of the Varros clan. Both the villages of Garontor and Lysia are bound to the castle."
gersegos_castle,Gersegos Castle,Castle,12,Archon Saratis,Gersegos Castle       Settlement Information  Type Castle   Kingdom Western Empire   Villages GersegosVathea    Gersegos Castle is a castle in the Western Empire owned by Archon Saratis of clan Sorados. The villages of Gersegos and Vathea are bound to the castle.
hertogea_castle,Hertogea Castle,Castle,12,By Vipon,"Hertogea Castle  Settlement Information  Type Castle   Kingdom Western Empire   Villages Hertogea, Nideon    Hertogea Castle is a castle of Western Empire owned by by Vipon of the Maneolis clan. The villages of Hertogea and Nideon are bound to the castle."
onica_castle,Onica Castle,Castle,12,Emperor Garios,Onica Castle       Settlement Information  Type Castle   Kingdom Western Empire   Villages OnicaTarcutis    Onica Castle is a castle in the Western Empire owned by Emperor Garios of clan Comnos. The villages of Onica and Tarcutis are bound to the castle.
oristocorys_castle,Oristocorys Castle,Castle,12,Archon Vincantios,Oristocorys Castle       Settlement Information  Type Castle   Kingdom Western Empire   Villages OristocorysElvania    Oristocorys Castle is a castle in the Western Empire owned by Archon Vincantios of clan Palladios. The villages of Oristocorys and Elvania are bound to the castle.
thorios_castle,Thorios Castle,Castle,12,Archon Tynops,Thorios Castle       Settlement Information  Type Castle   Kingdom Western Empire   Villages ThoriosBergum    Thorios Castle is a castle in the Western Empire owned by Archon Tynops of clan Elaches. The villages of Thorios and Bergum are bound to the castle.
thractorae_castle,Thractorae Castle,Castle,12,By Crotor,"Thractorae Castle  Settlement Information  Type Castle   Kingdom Western Empire   Villages Thractorae, Gamardan    Thractorae Castle is a castle of Western Empire owned by by Crotor of the Dionicos clan. The villages bound to the castle are Thractorae and Gamardan."
veron_castle,Veron Castle,Castle,12,Clan Corenios At The Start,"Veron Castle  Settlement Information  Type Castle   Kingdom Western Empire   Villages Veron, Goleryn    Veron Castle is a castle of Western Empire initially owned by clan Corenios at the start of the game."
